{"course":{"0":"220ANHT01","1":"220CCSDL03","2":"220TTNT02","3":"220NNCNC01","4":"220DAPM04","5":"220TLTM08","6":"220LTM02","7":"220TKGDND04","8":"220LTC03"},"name":{"0":"An ninh h\u1ec7 th\u1ed1ng","1":"Chuy\u00ean \u0111\u1ec1 C\u01a1 s\u1edf d\u1eef li\u1ec7u","2":"Tr\u00ed tu\u1ec7 nh\u00e2n t\u1ea1o","3":"Ngo\u1ea1i ng\u1eef chuy\u00ean ng\u00e0nh CNTT","4":"\u0110\u1ed3 \u00e1n ph\u1ea7n m\u1ec1m I","5":"TH L\u1eadp tr\u00ecnh m\u1ea1ng","6":"L\u1eadp tr\u00ecnh m\u1ea1ng","7":"Thi\u1ebft k\u1ebf giao di\u1ec7n ng\u01b0\u1eddi d\u00f9ng","8":"L\u1eadp tr\u00ecnh C#"},"day":{"0":4,"1":4,"2":4,"3":5,"4":5,"5":5,"6":6,"7":6,"8":6},"from":{"0":1,"1":3,"2":9,"3":1,"4":6,"5":7,"6":1,"7":4,"8":7},"to":{"0":2,"1":5,"2":11,"3":2,"4":6,"5":8,"6":2,"7":5,"8":8},"teacher":{"0":"Nguy\u1ec5n Th\u1ecb L\u1ec7 Quy\u00ean","1":"Nguy\u1ec5n Th\u1ecb Th\u00fay Ho\u00e0i","2":"Ph\u1ea1m Tu\u1ea5n","3":"V\u00f5 Trung H\u00f9ng","4":"Ho\u00e0ng Th\u1ecb M\u1ef9 L\u1ec7","5":"Nguy\u1ec5n V\u0103n Ph\u00e1t","6":"Nguy\u1ec5n V\u0103n Ph\u00e1t","7":"Nguy\u1ec5n Th\u1ecb H\u00e0 Quy\u00ean","8":"L\u00ea Th\u1ecb B\u00edch Tra"},"room":{"0":"A102","1":"PMT","2":"A304","3":"A305","4":"VPK","5":"PMT","6":"A207","7":"A107","8":"A211"},"7":{"0":"18\/01\/2021","1":"22\/02\/2021","2":"18\/01\/2021","3":"18\/01\/2021","4":"18\/01\/2021","5":"22\/02\/2021","6":"22\/02\/2021","7":"22\/02\/2021","8":"18\/01\/2021"},"8":{"0":null,"1":null,"2":null,"3":null,"4":null,"5":null,"6":null,"7":null,"8":null}}